[{
        "model": "webapp.openhour",
        "pk": 1,
        "fields": {
            "weekday": 1,
            "from_hour": "06:00:00",
            "to_hour": "20:00:00"
        }
    },
    {
        "model": "webapp.openhour",
        "pk": 3,
        "fields": {
            "weekday": 2,
            "from_hour": "06:00:00",
            "to_hour": "21:00:00"
        }
    },
    {
        "model": "webapp.openhour",
        "pk": 4,
        "fields": {
            "weekday": 3,
            "from_hour": "06:00:00",
            "to_hour": "21:00:00"
        }
    },
    {
        "model": "webapp.openhour",
        "pk": 5,
        "fields": {
            "weekday": 4,
            "from_hour": "06:00:00",
            "to_hour": "21:00:00"
        }
    },
    {
        "model": "webapp.openhour",
        "pk": 6,
        "fields": {
            "weekday": 5,
            "from_hour": "06:00:00",
            "to_hour": "21:00:00"
        }
    },
    {
        "model": "webapp.openhour",
        "pk": 7,
        "fields": {
            "weekday": 6,
            "from_hour": "06:00:00",
            "to_hour": "21:00:00"
        }
    },
    {
        "model": "webapp.openhour",
        "pk": 8,
        "fields": {
            "weekday": 7,
            "from_hour": "06:00:00",
            "to_hour": "21:00:00"
        }
    },
    {
        "model": "webapp.seller",
        "pk": 1,
        "fields": {
            "shop_name": "Main Cafe Tim's",
            "description": "Best in town service. Your food!",
            "address_1": "221 Main St",
            "address_2": "Unit Z",
            "city": "Antigonish",
            "province": "Nova Scotia",
            "zip_code": "B2G 2C1",
            "phone_number": "987-654-0123",
            "email": "nishfoody@gmail.com",
            "image_url": "images/jason-leung-poI7DelFiVA-unsplash.jpg",
            "rating": 5,
            "cooking_time_range": "30 min - 45 min",
            "approved": true,
            "user": 2,
            "open_hour": [
                1,
                3,
                4,
                5,
                6,
                7,
                8
            ]
        }
    },
    {
        "model": "webapp.seller",
        "pk": 2,
        "fields": {
            "shop_name": "Moonlight Cafe",
            "description": "Good food, good mood!",
            "address_1": "222 James St",
            "address_2": "Unit X",
            "city": "Antigonish",
            "province": "Nova Scotia",
            "zip_code": "B2G 2C1",
            "phone_number": "321-654-0123",
            "email": "nishfoody@gmail.com",
            "image_url": "images/call-me-hangry-yzM66Y_D3Dc-unsplash.jpg",
            "rating": 4,
            "cooking_time_range": "20 min - 45 min",
            "approved": true,
            "user": 3,
            "open_hour": [
                1,
                3,
                4,
                5,
                6,
                7,
                8
            ]
        }
    },
    {
        "model": "webapp.seller",
        "pk": 3,
        "fields": {
            "shop_name": "Mom's House",
            "description": "Like Mom’s house!",
            "address_1": "22 Andrew St",
            "address_2": "Unit W",
            "city": "Antigonish",
            "province": "Nova Scotia",
            "zip_code": "B2G 2Q1",
            "phone_number": "",
            "email": "nishfoody@gmail.com",
            "image_url": "images/paul-griffin-WWST6E8LxeE-unsplash.jpg",
            "rating": 3,
            "cooking_time_range": "30 min - 35 min",
            "approved": true,
            "user": 4,
            "open_hour": [
                1,
                3,
                4,
                5,
                6,
                7,
                8
            ]
        }
    },
    {
        "model": "webapp.seller",
        "pk": 4,
        "fields": {
            "shop_name": "Grandma Lucky",
            "description": "Just like grandma used to make!",
            "address_1": "221 Ninian St",
            "address_2": "Unit M",
            "city": "Antigonish",
            "province": "Nova Scotia",
            "zip_code": "B2G 3F2",
            "phone_number": "",
            "email": "nishfoody@gmail.com",
            "image_url": "images/patrick-tomasso-GXXYkSwndP4-unsplash.jpg",
            "rating": 5,
            "cooking_time_range": "40 min - 45 min",
            "approved": true,
            "user": 5,
            "open_hour": [
                1,
                3,
                4,
                5,
                6,
                7,
                8
            ]
        }
    },
    {
        "model": "webapp.seller",
        "pk": 5,
        "fields": {
            "shop_name": "Food Dream",
            "description": "You deserve better food!",
            "address_1": "23 Mark's St",
            "address_2": "Unit Q",
            "city": "Antigonish",
            "province": "Nova Scotia",
            "zip_code": "B2G 3F1",
            "phone_number": "",
            "email": "nishfoody@gmail.com",
            "image_url": "images/nick-karvounis-Ciqxn7FE4vE-unsplash.jpg",
            "rating": 4,
            "cooking_time_range": "20 min - 25 min",
            "approved": true,
            "user": 6,
            "open_hour": [
                1,
                3,
                4,
                5,
                6,
                7,
                8
            ]
        }
    },
    {
        "model": "webapp.category",
        "pk": 1,
        "fields": {
            "category_name": "Chicken"
        }
    },
    {
        "model": "webapp.category",
        "pk": 2,
        "fields": {
            "category_name": "Pasta"
        }
    },
    {
        "model": "webapp.category",
        "pk": 3,
        "fields": {
            "category_name": "Pizza"
        }
    },
    {
        "model": "webapp.category",
        "pk": 4,
        "fields": {
            "category_name": "Burger"
        }
    },
    {
        "model": "webapp.category",
        "pk": 5,
        "fields": {
            "category_name": "Beef"
        }
    },
    {
        "model": "webapp.category",
        "pk": 6,
        "fields": {
            "category_name": "Pork"
        }
    },
    {
        "model": "webapp.category",
        "pk": 7,
        "fields": {
            "category_name": "South Asian"
        }
    },
    {
        "model": "webapp.category",
        "pk": 8,
        "fields": {
            "category_name": "Middle Eastern"
        }
    },
    {
        "model": "webapp.category",
        "pk": 9,
        "fields": {
            "category_name": "Continental"
        }
    },
    {
        "model": "webapp.category",
        "pk": 10,
        "fields": {
            "category_name": "Fast Food"
        }
    },
    {
        "model": "webapp.category",
        "pk": 11,
        "fields": {
            "category_name": "Fish"
        }
    },
    {
        "model": "webapp.category",
        "pk": 12,
        "fields": {
            "category_name": "Veg"
        }
    },
    {
        "model": "webapp.allergy",
        "pk": 1,
        "fields": {
            "allergy_name": "Peanut"
        }
    },
    {
        "model": "webapp.allergy",
        "pk": 2,
        "fields": {
            "allergy_name": "Dairy"
        }
    },
    {
        "model": "webapp.allergy",
        "pk": 3,
        "fields": {
            "allergy_name": "Tree Nut"
        }
    },
    {
        "model": "webapp.allergy",
        "pk": 4,
        "fields": {
            "allergy_name": "Egg"
        }
    },
    {
        "model": "webapp.item",
        "pk": 1,
        "fields": {
            "item_name": "Chicken Tikka",
            "description": "Authentic Indian Food",
            "availability": true,
            "price": 17.5,
            "popularity": 4,
            "image_url": "images/ct_1.jpg",
            "approved": true,
            "seller": 1,
            "category": [
                1,
                7
            ],
            "allergy": [
                4
            ]
        }
    },
    {
        "model": "webapp.item",
        "pk": 2,
        "fields": {
            "item_name": "Chicken Roast",
            "description": "Melt-in-Your-Mouth Chuck Roast",
            "availability": true,
            "price": 21.5,
            "popularity": 5,
            "image_url": "images/cr_1.jpg",
            "approved": true,
            "seller": 1,
            "category": [
                1,
                7,
                8
            ],
            "allergy": []
        }
    },
    {
        "model": "webapp.item",
        "pk": 3,
        "fields": {
            "item_name": "Beef Mushroom",
            "description": "Beef and Mushrooms with Smashed Potatoes",
            "availability": true,
            "price": 16.5,
            "popularity": 2,
            "image_url": "images/bm_1.jpg",
            "approved": true,
            "seller": 1,
            "category": [
                5,
                9
            ],
            "allergy": [
                3
            ]
        }
    },
    {
        "model": "webapp.item",
        "pk": 4,
        "fields": {
            "item_name": "Mac & Cheese",
            "description": "Potluck Macaroni and Cheese",
            "availability": true,
            "price": 10.5,
            "popularity": 5,
            "image_url": "images/mc_1.jpg",
            "approved": true,
            "seller": 1,
            "category": [
                2,
                3,
                4
            ],
            "allergy": [
                2
            ]
        }
    },
    {
        "model": "webapp.item",
        "pk": 5,
        "fields": {
            "item_name": "Chicken Potpie",
            "description": "This is the best chicken potpie recipe!",
            "availability": true,
            "price": 12.99,
            "popularity": 3,
            "image_url": "images/cp_2.jpg",
            "approved": true,
            "seller": 2,
            "category": [
                1,
                3,
                9,
                10
            ],
            "allergy": []
        }
    },
    {
        "model": "webapp.item",
        "pk": 6,
        "fields": {
            "item_name": "Meat Loaf",
            "description": "Topped with a sweet sauce, this traditional meat loaf recipe tastes so good that you might want to double it so everyone can have seconds.",
            "availability": true,
            "price": 23.99,
            "popularity": 2,
            "image_url": "images/ml_2.jpg",
            "approved": true,
            "seller": 2,
            "category": [
                5,
                6,
                10
            ],
            "allergy": [
                4
            ]
        }
    },
    {
        "model": "webapp.item",
        "pk": 7,
        "fields": {
            "item_name": "Cream of Celery Soup Recipe",
            "description": "This rich cream of celery soup recipe will warm up any family gathering or quiet evening at home.",
            "availability": true,
            "price": 16.5,
            "popularity": 3,
            "image_url": "images/cc_2.jpg",
            "approved": true,
            "seller": 2,
            "category": [
                2,
                6
            ],
            "allergy": []
        }
    },
    {
        "model": "webapp.item",
        "pk": 8,
        "fields": {
            "item_name": "Hungarian Chicken Paprikash",
            "description": "My mom learned to make this Hungarian chicken paprikash when she volunteered to help prepare the dinners served at her church.",
            "availability": true,
            "price": 10.5,
            "popularity": 5,
            "image_url": "images/hc_2.jpg",
            "approved": true,
            "seller": 2,
            "category": [
                2,
                3,
                4
            ],
            "allergy": [
                1,
                2
            ]
        }
    },
    {
        "model": "webapp.item",
        "pk": 9,
        "fields": {
            "item_name": "Chicken Tikka",
            "description": "Authentic Indian Food",
            "availability": true,
            "price": 17.5,
            "popularity": 4,
            "image_url": "images/ct_1.jpg",
            "approved": true,
            "seller": 3,
            "category": [
                1,
                7
            ],
            "allergy": [
                1,
                4
            ]
        }
    },
    {
        "model": "webapp.item",
        "pk": 10,
        "fields": {
            "item_name": "Shrimp Quesadilla",
            "description": "Quick and simple enough for any weekday, these shrimp quesadillas boast a refreshing flavor special enough for guests.",
            "availability": true,
            "price": 7.9,
            "popularity": 3,
            "image_url": "images/sq_3.jpg",
            "approved": true,
            "seller": 3,
            "category": [
                8,
                9,
                10
            ],
            "allergy": [
                1,
                4
            ]
        }
    },
    {
        "model": "webapp.item",
        "pk": 11,
        "fields": {
            "item_name": "Chicken and Gravy",
            "description": "Here’s a lightened-up take on the classic southern comfort-food dish: chicken and gravy.",
            "availability": true,
            "price": 14.99,
            "popularity": 3,
            "image_url": "images/cg_3.jpg",
            "approved": true,
            "seller": 3,
            "category": [
                5,
                9
            ],
            "allergy": [
                2
            ]
        }
    },
    {
        "model": "webapp.item",
        "pk": 12,
        "fields": {
            "item_name": "Salmon Chowder Recipe",
            "description": "I’ve lived on a farm in the Yakima Valley all my life. I have a big garden, and by the end of fall, my cellar shelves are full of canned fruits and vegetables.",
            "availability": true,
            "price": 9.5,
            "popularity": 2,
            "image_url": "images/sc_3.jpg",
            "approved": true,
            "seller": 3,
            "category": [
                11
            ],
            "allergy": []
        }
    },
    {
        "model": "webapp.item",
        "pk": 13,
        "fields": {
            "item_name": "Broccoli-Stuffed Chicken",
            "description": "No arguments then as to who got what piece of chicken!",
            "availability": true,
            "price": 11.5,
            "popularity": 1,
            "image_url": "images/bs_4.jpg",
            "approved": true,
            "seller": 4,
            "category": [
                1,
                7
            ],
            "allergy": []
        }
    },
    {
        "model": "webapp.item",
        "pk": 14,
        "fields": {
            "item_name": "Chicken Roast",
            "description": "Melt-in-Your-Mouth Chuck Roast",
            "availability": true,
            "price": 21.5,
            "popularity": 2,
            "image_url": "images/cr_1.jpg",
            "approved": true,
            "seller": 4,
            "category": [
                1,
                7,
                8
            ],
            "allergy": [
                2
            ]
        }
    },
    {
        "model": "webapp.item",
        "pk": 15,
        "fields": {
            "item_name": "Turkey Shepherd’s Pie",
            "description": "Turning leftovers into second-time-around successes like this turkey shepherd’s pie",
            "availability": true,
            "price": 9.99,
            "popularity": 5,
            "image_url": "images/ts_4.jpg",
            "approved": true,
            "seller": 4,
            "category": [
                5,
                6,
                7,
                9
            ],
            "allergy": []
        }
    },
    {
        "model": "webapp.item",
        "pk": 16,
        "fields": {
            "item_name": "Mac & Cheese",
            "description": "Potluck Macaroni and Cheese",
            "availability": true,
            "price": 10.5,
            "popularity": 5,
            "image_url": "images/mc_1.jpg",
            "approved": true,
            "seller": 4,
            "category": [
                2,
                3,
                4
            ],
            "allergy": [
                1,
                2
            ]
        }
    },
    {
        "model": "webapp.item",
        "pk": 17,
        "fields": {
            "item_name": "Chicken Tikka",
            "description": "Authentic Indian Food",
            "availability": true,
            "price": 17.5,
            "popularity": 4,
            "image_url": "images/ct_1.jpg",
            "approved": true,
            "seller": 5,
            "category": [
                1,
                7
            ],
            "allergy": [
                3
            ]
        }
    },
    {
        "model": "webapp.item",
        "pk": 18,
        "fields": {
            "item_name": "Ground Turkey Vegetable Soup",
            "description": "Low-sodium ingredients don’t diminish the full flavor of this brothy ground turkey vegetable soup. The turkey lends a heartiness that everyone will welcome on a cold blustery evening.",
            "availability": true,
            "price": 11.5,
            "popularity": 2,
            "image_url": "images/gt_5.jpg",
            "approved": true,
            "seller": 5,
            "category": [
                7,
                12
            ],
            "allergy": []
        }
    },
    {
        "model": "webapp.item",
        "pk": 19,
        "fields": {
            "item_name": "Beef Mushroom",
            "description": "Beef and Mushrooms with Smashed Potatoes",
            "availability": true,
            "price": 16.5,
            "popularity": 2,
            "image_url": "images/bm_1.jpg",
            "approved": true,
            "seller": 5,
            "category": [
                5,
                9
            ],
            "allergy": []
        }
    },
    {
        "model": "webapp.item",
        "pk": 20,
        "fields": {
            "item_name": "Mac & Cheese",
            "description": "Potluck Macaroni and Cheese",
            "availability": true,
            "price": 10.5,
            "popularity": 5,
            "image_url": "images/mc_1.jpg",
            "approved": true,
            "seller": 5,
            "category": [
                2,
                3,
                4
            ],
            "allergy": [
                2,
                4
            ]
        }
    },
    {
        "model": "webapp.item",
        "pk": 21,
        "fields": {
            "item_name": "Test Item",
            "description": "",
            "availability": true,
            "price": 22.0,
            "popularity": 0,
            "image_url": "images/nf_logo_sm_6GswroQ.png",
            "approved": false,
            "seller": 1,
            "category": [],
            "allergy": []
        }
    },
    {
        "model": "webapp.order",
        "pk": 1,
        "fields": {
            "confirmed": false,
            "ready": false,
            "created_time": "2022-04-03T19:58:42.800Z",
            "tax": 2.5,
            "total": 0.0,
            "paid": false,
            "user": 2
        }
    },
    {
        "model": "webapp.orderitem",
        "pk": 1,
        "fields": {
            "order": 1,
            "item": 2,
            "price": "12.00",
            "quantity": 1
        }
    },
    {
        "model": "webapp.orderitem",
        "pk": 2,
        "fields": {
            "order": 1,
            "item": 4,
            "price": "11.00",
            "quantity": 4
        }
    }
]